,Image,F1,Jaccard,Recall,Precision
0,archive\images\833.png,0.92616226071103,0.8624787775891342,0.8943661971830986,0.9603024574669187
1,archive\images\2069.png,0.8769448373408769,0.7808564231738035,0.9893617021276596,0.7874682472480948
2,archive\images\3038.png,0.8272884283246977,0.7054491899852725,0.7461059190031153,0.9282945736434108
3,archive\images\1169.png,0.952914798206278,0.9100642398286938,0.915948275862069,0.9929906542056075
4,archive\images\501.png,0.9626307922272048,0.9279538904899135,0.9484536082474226,0.9772382397572079
5,archive\images\31.png,0.9733634311512416,0.9481090589270009,0.9548272807794509,0.992633517495396
6,archive\images\2242.png,0.9252380952380952,0.8608772707133363,0.9363855421686746,0.9143529411764706
7,archive\images\1014.png,0.942457231726283,0.8911764705882353,0.8991097922848664,0.9901960784313726
8,archive\images\1322.png,0.9157303370786517,0.844559585492228,0.8624338624338624,0.9760479041916168
9,archive\images\1779.png,0.9213075060532687,0.8540965207631874,0.9986876640419947,0.8550561797752809
10,archive\images\1217.png,0.9650793650793651,0.9325153374233128,0.9743589743589743,0.9559748427672956
11,archive\images\1956.png,0.9124365482233503,0.838973162193699,0.8399532710280374,0.9986111111111111
12,archive\images\108.png,0.9641125121241513,0.9307116104868914,0.9390647142182333,0.9905331340308918
13,archive\images\1258.png,0.9475465313028765,0.9003215434083601,0.9523809523809523,0.9427609427609428
14,archive\images\571.png,0.9657794676806084,0.9338235294117647,0.9477611940298507,0.9844961240310077
15,archive\images\1888.png,0.5669957686882934,0.3956692913385827,0.5710227272727273,0.5630252100840336
16,archive\images\35.png,0.946058091286307,0.8976377952755905,0.926829268292683,0.9661016949152542
17,archive\images\2162.png,0.8929423319769889,0.8065906210392902,0.9651198058841371,0.8308093994778067
18,archive\images\2582.png,0.9392416628597533,0.8854435831180018,0.991321118611379,0.8923611111111112
19,archive\images\1279.png,0.5786026200873362,0.40706605222734255,0.40706605222734255,1.0
20,archive\images\749.png,0.8303571428571429,0.7099236641221374,0.8639910813823858,0.7992437263664489
21,archive\images\2122.png,0.0012406947890818859,0.0006207324643078833,0.0006230529595015577,0.14285714285714285
22,archive\images\2928.png,0.8778877887788779,0.7823529411764706,0.8412397216951296,0.9178743961352657
23,archive\images\74.png,0.975941230486685,0.953012912482066,0.9917879805897724,0.9605929139551699
24,archive\images\788.png,0.8650152338058021,0.7621381886087768,0.7731470518588681,0.9816596512327119
25,archive\images\707.png,0.9791899753859924,0.9592284085927225,0.9776586237712243,0.9807261317794711
26,archive\images\1678.png,0.9582504970178927,0.9198473282442748,0.9506903353057199,0.9659318637274549
27,archive\images\909.png,0.8657125077784692,0.7632214175992977,0.7632214175992977,1.0
28,archive\images\218.png,0.820647419072616,0.6958456973293768,0.9852941176470589,0.7031484257871065
29,archive\images\2046.png,0.9064638783269962,0.8289290681502086,0.8550932568149211,0.9644012944983819
30,archive\images\3.png,0.9695952247714978,0.940984793627806,0.9800150829562594,0.9593946105574013
31,archive\images\1270.png,0.5567010309278351,0.38571428571428573,0.7641509433962265,0.43783783783783786
32,archive\images\573.png,0.9482023156611822,0.9015063731170336,0.9688667496886675,0.9284009546539379
33,archive\images\861.png,0.3679823871677937,0.22547697051455,0.22556390977443608,0.9982935153583617
34,archive\images\2463.png,0.2664233576642336,0.15368421052631578,1.0,0.15368421052631578
35,archive\images\1326.png,0.7651195499296765,0.6195899772209568,0.6683046683046683,0.8947368421052632
36,archive\images\528.png,0.9653434152488973,0.9330085261875761,0.9922279792746114,0.939877300613497
37,archive\images\461.png,0.8688293370944993,0.7680798004987531,0.88,0.8579387186629527
38,archive\images\803.png,0.7271548930654569,0.5712830957230143,0.6519465427077281,0.8219780219780219
39,archive\images\1392.png,0.9584837545126353,0.9202772963604853,0.9637023593466425,0.9533213644524237
40,archive\images\298.png,0.9052224371373307,0.8268551236749117,0.8634686346863468,0.9512195121951219
41,archive\images\3005.png,0.5583617747440273,0.3873106060606061,0.6005873715124816,0.5216836734693877
42,archive\images\1239.png,0.927916120576671,0.8655256723716381,0.9030612244897959,0.954177897574124
43,archive\images\2839.png,0.0,0.0,0.0,0.0
44,archive\images\2605.png,0.7207245155855097,0.5633849193282845,0.9732650739476678,0.5722408026755853
45,archive\images\1529.png,0.9204647006255585,0.8526490066225165,0.9790874524714829,0.8684654300168634
46,archive\images\574.png,0.9523809523809523,0.9090909090909091,0.9957446808510638,0.9126365054602185
47,archive\images\2574.png,0.9293729372937294,0.8680641183723797,0.9676975945017182,0.893968253968254
48,archive\images\1702.png,0.9190207156308852,0.8501742160278746,0.991869918699187,0.856140350877193
49,archive\images\1732.png,0.927536231884058,0.8648648648648649,0.9906191369606003,0.8720066061106524
50,archive\images\1266.png,0.0,0.0,0.0,0.0
51,archive\images\1808.png,0.7901740020470829,0.6531302876480541,1.0,0.6531302876480541
52,archive\images\1085.png,0.7587096774193548,0.6112266112266113,0.6150627615062761,0.98989898989899
53,archive\images\653.png,0.978968596946125,0.958803611738149,0.9820809248554914,0.9758759333716255
54,archive\images\2791.png,0.5497603608683395,0.37908242612752724,0.3796728971962617,0.9959141981613892
55,archive\images\1187.png,0.9457928802588996,0.8971603990790483,0.9034003091190108,0.9923599320882852
56,archive\images\2744.png,0.8568294020844761,0.7495201535508638,0.8084886128364389,0.911318553092182
57,archive\images\1023.png,0.9192982456140351,0.8506493506493507,0.8534201954397395,0.9961977186311787
58,archive\images\1667.png,0.0,0.0,0.0,0.0
59,archive\images\904.png,0.9533678756476683,0.9108910891089109,0.9967497291440953,0.913604766633565
60,archive\images\701.png,0.9619087484303056,0.9266129032258065,0.9394930498773508,0.9854202401372213
61,archive\images\381.png,0.9603174603174603,0.9236641221374046,0.969551282051282,0.9512578616352201
62,archive\images\478.png,0.0,0.0,0.0,0.0
63,archive\images\1354.png,0.9532075471698114,0.9105984138428262,0.9670750382848392,0.9397321428571429
64,archive\images\2701.png,0.9574175824175825,0.9183135704874835,0.9349429912810194,0.9809992962702322
65,archive\images\1689.png,0.9070958302852963,0.8299866131191432,0.9131075110456554,0.9011627906976745
66,archive\images\2672.png,0.7254775702940545,0.5692152239811384,0.5709459459459459,0.9947027663331371
67,archive\images\2524.png,0.0,0.0,0.0,0.0
68,archive\images\2026.png,0.0,0.0,0.0,0.0
69,archive\images\2356.png,0.9062825407844498,0.8286258330688671,0.9328331546981065,0.8812014849814377
70,archive\images\527.png,0.9297597042513863,0.8687392055267703,0.9940711462450593,0.8732638888888888
71,archive\images\1142.png,0.9204693611473272,0.8526570048309179,0.9971751412429378,0.8547215496368039
72,archive\images\1562.png,0.8514285714285714,0.7412935323383084,0.9834983498349835,0.7506297229219143
73,archive\images\1668.png,0.9168975069252078,0.8465473145780051,0.8710526315789474,0.9678362573099415
74,archive\images\1837.png,0.9606114050558495,0.9242081447963801,0.9831528279181708,0.9390804597701149
75,archive\images\294.png,0.9583333333333334,0.92,0.9302649930264993,0.9881481481481481
76,archive\images\2157.png,0.5949579831932773,0.423444976076555,0.4244604316546763,0.9943820224719101
77,archive\images\2528.png,0.9058940069341258,0.8279764599366229,0.9682371625198518,0.8510935318752908
78,archive\images\2527.png,0.8306201550387597,0.7103082532316871,0.7274270196877122,0.9679313459801264
79,archive\images\2075.png,0.798790078644888,0.6649879129734085,0.7493757094211124,0.8551813471502591
80,archive\images\2322.png,0.7698986975397974,0.6258823529411764,0.6258823529411764,1.0
81,archive\images\3034.png,0.8249446902654868,0.7020475405977877,0.7027090694935217,0.9986608637428859
82,archive\images\1851.png,0.8104089219330854,0.68125,0.823262839879154,0.7979502196193266
83,archive\images\676.png,0.9665369649805448,0.9352409638554217,0.9495412844036697,0.9841521394611727
84,archive\images\1818.png,0.8898395721925134,0.8015414258188824,0.9651972157772621,0.8253968253968254
85,archive\images\2906.png,0.0,0.0,0.0,0.0
86,archive\images\1840.png,0.830122591943958,0.7095808383233533,1.0,0.7095808383233533
87,archive\images\560.png,0.18494835218888342,0.1018970189701897,0.1018970189701897,1.0
88,archive\images\1337.png,0.9218595450049456,0.8550458715596331,0.9872881355932204,0.8645640074211502
89,archive\images\1384.png,0.8322981366459627,0.7127659574468085,0.9882005899705014,0.7188841201716738
90,archive\images\2936.png,0.8861141011840689,0.7955160417471975,0.9423076923076923,0.8362454286875254
91,archive\images\1579.png,0.9471264367816092,0.8995633187772926,0.9840764331210191,0.912850812407681
92,archive\images\678.png,0.9515418502202643,0.907563025210084,0.927400468384075,0.9769736842105263
93,archive\images\555.png,0.9605263157894737,0.9240506329113924,0.9678030303030303,0.9533582089552238
94,archive\images\1885.png,0.8972746331236897,0.8136882129277566,0.9106382978723404,0.8842975206611571
95,archive\images\2471.png,0.5188735769922109,0.35032362459546923,1.0,0.35032362459546923
96,archive\images\1769.png,0.9709241952232607,0.9434914228052472,0.9689119170984456,0.9729448491155047
97,archive\images\1720.png,0.872093023255814,0.7731958762886598,0.819672131147541,0.9316770186335404
98,archive\images\2465.png,0.7842767295597485,0.6451112260734609,0.9936254980079682,0.6477922077922078
99,archive\images\2255.png,0.24979724249797242,0.14272474513438368,0.14285714285714285,0.9935483870967742
100,archive\images\1960.png,0.0,0.0,0.0,0.0
101,archive\images\21.png,0.9338023664854493,0.8758248350329934,0.9931972789115646,0.8811104405552203
102,archive\images\26.png,0.8314606741573034,0.7115384615384616,1.0,0.7115384615384616
103,archive\images\2405.png,0.9017681728880157,0.8211091234347049,0.8429752066115702,0.9693769799366421
104,archive\images\335.png,0.9238210399032648,0.8584269662921349,0.8741418764302059,0.9794871794871794
105,archive\images\893.png,0.9461206896551724,0.8977505112474438,0.977728285077951,0.9164926931106472
106,archive\images\2606.png,0.7861482381530984,0.6476476476476476,0.80099040544723,0.7718461079630182
107,archive\images\11.png,0.9641611163970821,0.9308022045315371,0.9857328145265889,0.9435133457479826
108,archive\images\2980.png,0.9430255402750491,0.8921933085501859,0.9022556390977443,0.9876543209876543
109,archive\images\3011.png,0.0,0.0,0.0,0.0
110,archive\images\717.png,0.5544907510586138,0.38359543632439097,0.38359543632439097,1.0
111,archive\images\277.png,0.9836580766813325,0.9678416821273964,0.9867591424968474,0.9805764411027569
112,archive\images\2979.png,0.9648682559598495,0.9321212121212121,0.9540942928039702,0.9758883248730964
113,archive\images\2275.png,0.8680184987548915,0.7668133249528598,0.7721518987341772,0.9910641754670999
114,archive\images\1866.png,0.5452627136526693,0.37481868291267767,0.37481868291267767,1.0
115,archive\images\1344.png,0.9302325581395349,0.8695652173913043,0.9090909090909091,0.9523809523809523
116,archive\images\2137.png,0.8610846812559467,0.7560568086883876,0.7754927163667523,0.9679144385026738
117,archive\images\2072.png,0.5632033499084009,0.39198542805100184,0.8877887788778878,0.41241855116903026
118,archive\images\1137.png,0.9207547169811321,0.8531468531468531,0.8606701940035273,0.9898580121703854
119,archive\images\1906.png,0.9404539385847797,0.8876008064516129,0.9162330905306972,0.965990126165661
120,archive\images\1495.png,0.9543026706231454,0.9125993189557321,0.9436619718309859,0.9651860744297719
121,archive\images\694.png,0.9103291713961408,0.8354166666666667,0.9134396355353075,0.9072398190045249
122,archive\images\336.png,0.9665158371040724,0.9352014010507881,0.9484902309058615,0.985239852398524
123,archive\images\1560.png,0.9472527472527472,0.8997912317327766,0.9685393258426966,0.9268817204301075
124,archive\images\1546.png,0.954228855721393,0.9124643196955281,0.9927536231884058,0.9185823754789272
125,archive\images\1969.png,0.6770708283313326,0.5117967332123412,0.990632318501171,0.5142857142857142
126,archive\images\2459.png,0.9498031496062992,0.9044048734770385,0.9299710889816897,0.9704994971505196
127,archive\images\587.png,0.9718706047819972,0.945280437756498,0.96105702364395,0.9829302987197724
128,archive\images\2662.png,0.6292481977342945,0.459053343350864,0.4876296887470072,0.8867924528301887
129,archive\images\2930.png,0.8828264758497316,0.7902321857485989,0.9989878542510121,0.7908653846153846
130,archive\images\943.png,0.9513381995133819,0.9071925754060325,0.9490291262135923,0.9536585365853658
131,archive\images\1794.png,0.9235294117647059,0.8579234972677595,0.8870056497175142,0.9631901840490797
132,archive\images\3043.png,0.3801125703564728,0.23465369469539032,0.9960668633235005,0.23487131926733132
133,archive\images\2380.png,0.8541788427819988,0.7454730935985718,0.7519938255724209,0.9885018599932364
134,archive\images\126.png,0.9514893617021276,0.9074675324675324,0.9704861111111112,0.9332220367278798
135,archive\images\1147.png,0.9459172852598091,0.89738430583501,0.9802197802197802,0.9139344262295082
136,archive\images\1883.png,0.8430813124108416,0.7287299630086314,0.7287299630086314,1.0
137,archive\images\2176.png,0.8470678420850901,0.7347074468085106,0.8680282796543598,0.8270958083832335
138,archive\images\2304.png,0.8252390057361376,0.7024739583333334,0.7084701247537755,0.9880952380952381
139,archive\images\369.png,0.9146919431279621,0.8427947598253275,0.8654708520179372,0.9698492462311558
140,archive\images\2228.png,0.0,0.0,0.0,0.0
141,archive\images\2114.png,0.9356435643564357,0.8790697674418605,0.9969856819894499,0.8814123917388408
142,archive\images\451.png,0.95625,0.9161676646706587,0.918,0.9978260869565218
143,archive\images\1916.png,0.5980234428866927,0.42655737704918034,0.42655737704918034,1.0
144,archive\images\2349.png,0.17915904936014626,0.09839357429718876,0.09839357429718876,1.0
145,archive\images\2530.png,0.6128205128205129,0.4417744916820702,0.8475177304964538,0.4799196787148594
146,archive\images\1419.png,0.940809968847352,0.888235294117647,0.9837133550488599,0.9014925373134328
147,archive\images\86.png,0.9171457558336151,0.8469706433479075,0.9811866859623734,0.8609523809523809
148,archive\images\2725.png,0.8976645435244162,0.8143297380585516,0.9424877396344182,0.8569112282124037
149,archive\images\1013.png,0.8943894389438944,0.808955223880597,0.9033333333333333,0.8856209150326797
150,archive\images\777.png,0.7342874922215308,0.5801376597836775,0.9204368174726989,0.6107660455486542
151,archive\images\2995.png,0.6176226101413134,0.44678292242934453,0.6150662251655629,0.6202003338898163
152,archive\images\2992.png,0.9682268534335498,0.93841059602649,0.9610037300779926,0.9755593803786575
153,archive\images\1968.png,0.88802543270929,0.7986022871664549,0.8568507157464212,0.9215542521994134
154,archive\images\1191.png,0.905940594059406,0.8280542986425339,0.9320882852292021,0.8812199036918138
155,archive\images\2956.png,0.6494845360824743,0.48091603053435117,0.5121951219512195,0.8873239436619719
156,archive\images\2187.png,0.9409486931268151,0.8884826325411335,0.9310344827586207,0.9510763209393346
157,archive\images\2248.png,0.8578227245687091,0.7510416666666667,0.8119369369369369,0.9092055485498108
158,archive\images\1452.png,0.9341692789968652,0.8764705882352941,0.9030303030303031,0.9675324675324676
159,archive\images\2525.png,0.6724447101016139,0.5065285907248986,0.8052970651395849,0.5772190867111339
160,archive\images\1108.png,0.8115246098439376,0.6828282828282828,0.8407960199004975,0.7842227378190255
161,archive\images\2787.png,0.6454402515723271,0.4764944863609983,0.513125,0.8697033898305084
162,archive\images\602.png,0.9100436681222708,0.8349358974358975,0.8533988533988534,0.9747427502338635
163,archive\images\227.png,0.7909774436090226,0.654228855721393,0.9704797047970479,0.6675126903553299
164,archive\images\1567.png,0.9554896142433235,0.9147727272727273,0.9415204678362573,0.9698795180722891
165,archive\images\1076.png,0.0,0.0,0.0,0.0
166,archive\images\2565.png,0.9005186232909005,0.8190394511149228,0.8287532542667052,0.9858912594631797
167,archive\images\1075.png,0.006756756756756757,0.003389830508474576,0.003389830508474576,1.0
168,archive\images\824.png,0.23787409700722395,0.1349926793557833,0.1349926793557833,1.0
169,archive\images\2543.png,0.9326980345443716,0.8738839285714286,0.9987244897959183,0.8748603351955307
170,archive\images\460.png,0.9651741293532339,0.9326923076923077,0.9509803921568627,0.9797979797979798
171,archive\images\1751.png,0.9471698113207547,0.899641577060932,0.9653846153846154,0.9296296296296296
172,archive\images\1390.png,0.9424157303370787,0.8911022576361222,0.9030955585464334,0.9853157121879589
173,archive\images\754.png,0.6437448218724109,0.4746487477092242,0.47697974217311234,0.9898089171974522
174,archive\images\117.png,0.5501739363125502,0.37947582133628643,0.39132089836315187,0.9261261261261261
175,archive\images\941.png,0.8689771766694844,0.7683109118086696,0.8756388415672913,0.8624161073825504
176,archive\images\347.png,0.9447316103379721,0.8952524491333835,0.9519230769230769,0.9376479873717443
177,archive\images\247.png,0.9069767441860465,0.8297872340425532,0.972568578553616,0.8496732026143791
178,archive\images\837.png,0.0,0.0,0.0,0.0
179,archive\images\1225.png,0.9025641025641026,0.822429906542056,0.8407643312101911,0.974169741697417
180,archive\images\1428.png,0.9646302250803859,0.9316770186335404,0.9493670886075949,0.9803921568627451
181,archive\images\2926.png,0.321875,0.19180633147113593,0.19180633147113593,1.0
182,archive\images\1774.png,0.8751529987760098,0.7780195865070729,0.975443383356071,0.7935627081021087
183,archive\images\2107.png,0.8611698379140239,0.7561881188118812,0.836986301369863,0.8867924528301887
184,archive\images\552.png,0.9302554027504911,0.869605142332415,0.9783057851239669,0.8867041198501873
185,archive\images\925.png,0.9556420233463035,0.9150521609538003,0.9388379204892966,0.9730586370839936
186,archive\images\284.png,0.0,0.0,0.0,0.0
187,archive\images\2780.png,0.01263157894736842,0.006355932203389831,0.006355932203389831,1.0
188,archive\images\860.png,0.6625631313131313,0.4953976870427189,0.4962174940898345,0.99667616334283
189,archive\images\375.png,0.9750132908027644,0.9512448132780082,0.9821492324169939,0.9679802955665024
190,archive\images\834.png,0.8060249816311535,0.6750769230769231,0.7835714285714286,0.829803328290469
191,archive\images\2642.png,0.0,0.0,0.0,0.0
192,archive\images\1375.png,0.8010335917312662,0.6681034482758621,0.9935897435897436,0.670995670995671
193,archive\images\681.png,0.9811690859160455,0.9630342703118984,0.9908874801901744,0.9716394716394716
194,archive\images\384.png,0.970316301703163,0.94234404536862,0.9930278884462151,0.9486203615604186
195,archive\images\2154.png,0.0,0.0,0.0,0.0
196,archive\images\1657.png,0.9262536873156342,0.8626373626373627,0.9751552795031055,0.8820224719101124
197,archive\images\69.png,0.9547088425593099,0.9133425034387895,0.9837037037037037,0.9273743016759777
198,archive\images\1568.png,0.906318082788671,0.8286852589641435,0.9629629629629629,0.8559670781893004
199,archive\images\222.png,0.9797047970479705,0.9602169981916817,0.9779005524861878,0.9815157116451017
200,archive\images\269.png,0.9131205673758865,0.8401305057096248,0.9698681732580038,0.8626465661641541
201,archive\images\3041.png,0.0,0.0,0.0,0.0
202,archive\images\1043.png,0.8601346297681376,0.7545931758530183,0.7697456492637216,0.9745762711864406
203,archive\images\2479.png,0.8471337579617835,0.7348066298342542,0.9094017094017094,0.7928464977645305
204,archive\images\2550.png,0.5229741019214703,0.35407239819004527,0.5743119266055046,0.48006134969325154
205,archive\images\393.png,0.6086956521739131,0.4375,0.4375,1.0
206,archive\images\110.png,0.5079662605435802,0.34045226130653267,0.3452229299363057,0.9609929078014184
207,archive\images\3033.png,0.95382642154767,0.911728647323253,0.9356259173830992,0.9727490734684979
208,archive\images\2233.png,0.7852664576802508,0.6464516129032258,0.8441449031171019,0.734065934065934
209,archive\images\2965.png,0.2577978203682826,0.14797238999137188,0.15326184092940126,0.8108747044917257
210,archive\images\581.png,0.9726396917148362,0.9467366841710427,0.9921383647798742,0.9538926681783825
211,archive\images\1089.png,0.801123595505618,0.6682286785379569,0.674550614947966,0.9861687413554634
212,archive\images\2627.png,0.0,0.0,0.0,0.0
213,archive\images\1411.png,0.8365758754863813,0.7190635451505016,0.7288135593220338,0.9817351598173516
214,archive\images\244.png,0.9620615604867573,0.926896551724138,0.9641319942611191,0.96
215,archive\images\2609.png,0.9243937232524965,0.8594164456233422,0.9301435406698565,0.9187145557655955
216,archive\images\855.png,0.8264199106573069,0.7041870581837956,0.9390862944162437,0.7378917378917379
217,archive\images\2909.png,0.847682119205298,0.735632183908046,0.7518355359765051,0.9715370018975332
218,archive\images\1207.png,0.8767123287671232,0.7804878048780488,0.7852760736196319,0.9922480620155039
219,archive\images\2593.png,0.922497308934338,0.8561438561438561,0.8771750255885363,0.9727582292849035
220,archive\images\184.png,0.6903114186851211,0.5270805812417437,0.9388235294117647,0.5458276333789329
221,archive\images\2060.png,0.0,0.0,0.0,0.0
222,archive\images\159.png,0.9279742765273312,0.865626874625075,0.8957169459962756,0.962641761174116
223,archive\images\512.png,0.9799072642967542,0.9606060606060606,0.9689251146204788,0.9911412193850964
224,archive\images\2732.png,0.6208378088077336,0.4501557632398754,0.5070175438596491,0.8005540166204986
225,archive\images\2994.png,0.0,0.0,0.0,0.0
226,archive\images\2394.png,0.572980312287848,0.4015223596574691,0.5047846889952153,0.6624803767660911
227,archive\images\1420.png,0.9157667386609071,0.8446215139442231,0.8617886178861789,0.9769585253456221
228,archive\images\1814.png,0.7654723127035831,0.6200527704485488,0.9832635983263598,0.6266666666666667
229,archive\images\782.png,0.9550425273390036,0.913953488372093,0.9401913875598086,0.9703703703703703
230,archive\images\1437.png,0.8905992303463441,0.8027750247770069,0.9914320685434517,0.8083832335329342
231,archive\images\2300.png,0.45938864628820963,0.2981859410430839,0.9494584837545126,0.3029953917050691
232,archive\images\2801.png,0.9127814779575008,0.8395565927654609,0.9716407832545577,0.8606459330143541
233,archive\images\2418.png,0.8796001817355747,0.7850770478507705,0.7889160554197229,0.9938398357289527
234,archive\images\1955.png,0.79265493496557,0.6565272496831432,0.6590330788804071,0.9942418426103646
235,archive\images\1342.png,0.9364844903988183,0.8805555555555555,0.9005681818181818,0.9753846153846154
236,archive\images\1585.png,0.9424124513618677,0.8910963944076526,0.9365815931941222,0.9483163664839468
237,archive\images\6.png,0.8867562380038387,0.7965517241379311,0.8279569892473119,0.9545454545454546
238,archive\images\718.png,0.7110132158590309,0.5516062884483938,0.5611961057023644,0.9699519230769231
239,archive\images\437.png,0.9337349397590361,0.8757062146892656,0.9451219512195121,0.9226190476190477
240,archive\images\1792.png,0.5014925373134328,0.3346613545816733,0.9333333333333333,0.34285714285714286
241,archive\images\1681.png,0.9555555555555556,0.9148936170212766,0.9359795134443022,0.9759679572763685
242,archive\images\750.png,0.8144262295081968,0.6869469026548672,0.7059492231906025,0.9622933884297521
243,archive\images\1826.png,0.9360730593607306,0.8798283261802575,0.9484467944481163,0.9240180296200902
244,archive\images\2061.png,0.9178193653376729,0.8481203007518797,0.9082125603864735,0.9276315789473685
245,archive\images\2858.png,0.17777777777777778,0.0975609756097561,0.09806451612903226,0.95
246,archive\images\2101.png,0.75,0.6,0.914004914004914,0.6358974358974359
247,archive\images\1006.png,0.8794871794871795,0.7848970251716247,0.8661616161616161,0.8932291666666666
248,archive\images\2808.png,0.5471428571428572,0.37659783677482794,1.0,0.37659783677482794
249,archive\images\1803.png,0.9122807017543859,0.8387096774193549,0.9219858156028369,0.9027777777777778
250,archive\images\1491.png,0.8851674641148325,0.7939914163090128,0.8767772511848341,0.893719806763285
251,archive\images\3012.png,0.0,0.0,0.0,0.0
252,archive\images\2566.png,0.8375209380234506,0.7204610951008645,0.7352941176470589,0.9727626459143969
253,archive\images\841.png,0.9485488126649076,0.9021329987452948,0.9755766621438263,0.9229781771501926
254,archive\images\2922.png,0.9476323119777159,0.9004764425622023,0.9935747663551402,0.9057507987220448
255,archive\images\2359.png,0.6760925449871465,0.5106796116504855,0.6269368295589988,0.7336122733612274
256,archive\images\1304.png,0.8827160493827161,0.7900552486187845,0.88,0.8854489164086687
257,archive\images\1063.png,0.8944805194805194,0.8091042584434655,0.8162962962962963,0.9892280071813285
258,archive\images\769.png,0.8398523985239852,0.7239185750636132,0.9192245557350566,0.7730978260869565
259,archive\images\2246.png,0.8740245261984393,0.7762376237623763,0.8653421633554084,0.8828828828828829
260,archive\images\2362.png,0.03125,0.015873015873015872,0.015873015873015872,1.0
261,archive\images\550.png,0.8539325842696629,0.7450980392156863,0.76,0.9743589743589743
262,archive\images\2878.png,0.9003651538862807,0.818785578747628,0.9166224110462029,0.884674525884162
263,archive\images\1021.png,0.8243792325056434,0.7012288786482335,0.7327447833065811,0.9422084623323014
264,archive\images\197.png,0.900192348792477,0.8184998056743101,0.8434120945134161,0.9651695692025665
265,archive\images\1274.png,0.04975124378109453,0.025510204081632654,0.025510204081632654,1.0
266,archive\images\915.png,0.7077475321567455,0.5476851851851852,0.5535797847449696,0.9809286898839138
267,archive\images\2360.png,0.4694645441389291,0.306732223903177,0.5126422250316056,0.43299519487453286
268,archive\images\1553.png,0.8132260947274352,0.6852409638554217,0.7021604938271605,0.9660297239915074
269,archive\images\2262.png,0.9617486338797814,0.9263157894736842,0.9678510998307953,0.9557226399331662
270,archive\images\2096.png,0.8041646008924145,0.6724709784411277,0.708916083916084,0.9289805269186713
271,archive\images\2385.png,0.9058624577226606,0.8279237506439979,0.8396029258098223,0.9834761321909424
272,archive\images\2073.png,0.6549811404481917,0.4869679973606071,0.5123221103783409,0.9077490774907749
273,archive\images\979.png,0.8992673992673993,0.8169717138103162,0.8393162393162393,0.9684418145956607
274,archive\images\1658.png,0.8215767634854771,0.6971830985915493,0.7071428571428572,0.9801980198019802
275,archive\images\864.png,0.6110891089108911,0.43997718848018247,0.44339080459770114,0.9828025477707006
276,archive\images\2571.png,0.7941026944585663,0.6585160202360877,0.6585160202360877,1.0
277,archive\images\1269.png,0.9307479224376731,0.8704663212435233,0.9032258064516129,0.96
278,archive\images\985.png,0.4533333333333333,0.29310344827586204,0.572538860103627,0.37521222410865873
279,archive\images\847.png,0.0,0.0,0.0,0.0
280,archive\images\1218.png,0.8112798264642083,0.6824817518248175,0.9842105263157894,0.6900369003690037
281,archive\images\926.png,0.9374130737134909,0.8821989528795812,0.9970414201183432,0.884514435695538
282,archive\images\2029.png,0.889315419065899,0.8006912442396313,0.8424242424242424,0.9417344173441734
283,archive\images\559.png,0.9329446064139941,0.8743169398907104,0.8839779005524862,0.9876543209876543
284,archive\images\16.png,0.8671679197994987,0.7654867256637168,0.9719101123595506,0.7828054298642534
285,archive\images\1972.png,0.78580814717477,0.6471861471861472,0.6514161220043573,0.9900662251655629
286,archive\images\2837.png,0.0,0.0,0.0,0.0
287,archive\images\1050.png,0.9279770444763271,0.8656316916488223,0.8768980477223427,0.9853747714808044
288,archive\images\2971.png,0.762043795620438,0.6155660377358491,0.6249002394253791,0.9763092269326683
289,archive\images\1988.png,0.0,0.0,0.0,0.0
290,archive\images\949.png,0.7764705882352941,0.6346153846153846,0.8342696629213483,0.726161369193154
291,archive\images\2633.png,0.0,0.0,0.0,0.0
292,archive\images\1410.png,0.48226950354609927,0.3177570093457944,0.3217665615141956,0.9622641509433962
293,archive\images\1118.png,0.9254341164453525,0.8612167300380228,0.982646420824295,0.8745173745173745
294,archive\images\1185.png,0.9772036474164134,0.9554234769687965,0.9691032403918614,0.98544061302682
295,archive\images\1726.png,0.925086249383933,0.8606143970655663,0.9380309845077461,0.9124939231891104
296,archive\images\880.png,0.8851174934725848,0.7939110070257611,0.9630681818181818,0.8188405797101449
297,archive\images\2951.png,0.967755803955288,0.9375260308204915,0.9774207555362571,0.9582801191996594
298,archive\images\2269.png,0.5025466893039049,0.3356009070294785,0.34022988505747126,0.961038961038961
299,archive\images\1555.png,0.894,0.8083182640144665,1.0,0.8083182640144665
300,archive\images\2968.png,0.9199272065514104,0.8517270429654591,0.9395910780669146,0.9010695187165776
301,archive\images\948.png,0.8467815049864007,0.7342767295597484,0.7508038585209004,0.9708939708939709
302,archive\images\262.png,0.9268030139935415,0.8635907723169508,0.9750849377123443,0.8830769230769231
303,archive\images\2090.png,0.7841873091279267,0.6449902316494558,0.6771169059478465,0.9314792422410318
304,archive\images\2285.png,0.5388371060807812,0.3687727825030377,0.38466413181242076,0.8992592592592593
305,archive\images\1262.png,0.7121729237770194,0.5530035335689046,1.0,0.5530035335689046
306,archive\images\2098.png,0.0,0.0,0.0,0.0
307,archive\images\1662.png,0.8945686900958466,0.8092485549132948,0.9859154929577465,0.8187134502923976
308,archive\images\1739.png,0.9374605180037903,0.882282996432818,0.9906542056074766,0.8896882494004796
309,archive\images\557.png,0.7306501547987616,0.5756097560975609,0.5895087427144047,0.9606512890094979
310,archive\images\2718.png,0.8828361435365326,0.7902476780185759,0.8233870967741935,0.9515377446411929
311,archive\images\2172.png,0.0,0.0,0.0,0.0
312,archive\images\2729.png,0.8375751966682091,0.7205414012738853,0.7208283552369574,0.9994478188845941
313,archive\images\361.png,0.9262340543538546,0.862603305785124,0.8661825726141079,0.9952324195470799
314,archive\images\2647.png,0.0,0.0,0.0,0.0
315,archive\images\2489.png,0.8962582018088313,0.8120179948586118,0.814635718891038,0.9960583366180528
316,archive\images\822.png,0.9088098918083463,0.8328611898016998,0.84,0.98989898989899
317,archive\images\2305.png,0.8498488411152166,0.7389018691588785,0.7436801881246325,0.9913793103448276
318,archive\images\2655.png,0.7269303201506592,0.5710059171597633,0.5710059171597633,1.0
319,archive\images\2957.png,0.6995884773662552,0.5379746835443038,0.5604395604395604,0.9306569343065694
320,archive\images\1194.png,0.8566978193146417,0.7493188010899182,0.7857142857142857,0.9417808219178082
321,archive\images\2198.png,0.9235637779941578,0.8579828132066938,0.935404339250493,0.9120192307692307
322,archive\images\2497.png,0.0,0.0,0.0,0.0
323,archive\images\1867.png,0.9436392914653784,0.8932926829268293,0.9015384615384615,0.9898648648648649
324,archive\images\2345.png,0.8850428707526199,0.7937909427513529,0.959380378657487,0.8213969938107869
325,archive\images\1561.png,0.9194097616345063,0.8508403361344538,0.995085995085995,0.8544303797468354
326,archive\images\3035.png,0.9261083743842364,0.8623853211009175,0.9166666666666666,0.9357466063348416
327,archive\images\2789.png,0.5860406623349402,0.41446783278980137,0.41446783278980137,1.0
328,archive\images\593.png,0.9560878243512974,0.9158699808795411,0.9158699808795411,1.0
329,archive\images\2190.png,0.8470843112475176,0.7347322267460069,0.7565301515640116,0.9622641509433962
330,archive\images\12.png,0.975,0.9512195121951219,0.9937597503900156,0.956935403104657
331,archive\images\580.png,0.9671361502347418,0.9363636363636364,0.9671361502347418,0.9671361502347418
332,archive\images\2006.png,0.8968544257498171,0.8129973474801061,0.8272604588394062,0.9792332268370607
333,archive\images\1902.png,0.8752714113389626,0.7782067782067782,0.8127240143369175,0.9482488238369053
334,archive\images\2825.png,0.8989637305699482,0.8164705882352942,0.896640826873385,0.9012987012987013
335,archive\images\730.png,0.9269578313253012,0.863859649122807,0.960967993754879,0.8952727272727272
336,archive\images\3010.png,0.4881516587677725,0.322884012539185,0.322884012539185,1.0
337,archive\images\1616.png,0.8835616438356164,0.7914110429447853,0.9148936170212766,0.8543046357615894
338,archive\images\1590.png,0.8398058252427184,0.7238493723849372,0.9351351351351351,0.762114537444934
339,archive\images\1087.png,0.16472303206997085,0.08975377283558379,0.09741379310344828,0.5330188679245284
340,archive\images\702.png,0.8231426692965155,0.6994413407821229,0.7452380952380953,0.9192364170337739
341,archive\images\2263.png,0.9732994278448824,0.9479876160990712,0.9732994278448824,0.9732994278448824
342,archive\images\479.png,0.902027027027027,0.8215384615384616,0.8585209003215434,0.9501779359430605
343,archive\images\2411.png,0.8611838658983761,0.7562097516099356,0.7583025830258303,0.9963636363636363
344,archive\images\3029.png,0.0,0.0,0.0,0.0
345,archive\images\1539.png,0.9621704241497898,0.927098674521355,0.9722007722007722,0.9523449319213313
346,archive\images\3001.png,0.7105751391465677,0.5510791366906475,0.5513435700575816,0.9991304347826087
347,archive\images\2503.png,0.8981684981684982,0.8151595744680851,0.8615600843288826,0.9380260137719969
348,archive\images\2403.png,0.8225108225108225,0.6985294117647058,0.7057949479940565,0.9854771784232366
349,archive\images\2429.png,0.805093738945879,0.6737714624037893,0.6737714624037893,1.0
350,archive\images\1795.png,0.7557840616966581,0.6074380165289256,0.630901287553648,0.9423076923076923
351,archive\images\2182.png,0.9589329589329589,0.921105866486851,0.9433701657458563,0.9750178443968593
352,archive\images\1542.png,0.8950099800399202,0.809971098265896,0.858674837227116,0.9345560650270947
353,archive\images\1520.png,0.5770750988142292,0.40555555555555556,0.8725099601593626,0.4311023622047244
354,archive\images\246.png,0.8923076923076924,0.8055555555555556,0.9637462235649547,0.8307291666666666
355,archive\images\250.png,0.9192546583850931,0.8505747126436781,0.9200710479573713,0.9184397163120568
356,archive\images\607.png,0.6047430830039525,0.43342776203966005,0.43342776203966005,1.0
357,archive\images\2110.png,0.1309823677581864,0.07008086253369272,0.07008086253369272,1.0
358,archive\images\2665.png,0.829198130169004,0.7082309582309583,0.7381562099871959,0.9458572600492207
359,archive\images\1959.png,0.23084994753410285,0.13048635824436536,0.5288461538461539,0.1476510067114094
360,archive\images\364.png,0.9353711790393013,0.8785890073831009,0.9114893617021277,0.9605381165919282
361,archive\images\2737.png,0.8384146341463414,0.7217847769028871,0.7575757575757576,0.9385665529010239
362,archive\images\162.png,0.9733333333333334,0.948051948051948,0.9619326500732065,0.9850074962518741
363,archive\images\2372.png,0.6883656509695291,0.5248152059134108,0.9466666666666667,0.5408052230685527
364,archive\images\1475.png,0.8514056224899599,0.7412587412587412,0.9724770642201835,0.7571428571428571
365,archive\images\2216.png,0.7458379578246392,0.5946902654867257,0.6048604860486049,0.9725036179450073
366,archive\images\873.png,0.8363636363636363,0.71875,0.7335390946502057,0.9727148703956344
367,archive\images\1094.png,0.6921797004991681,0.5292620865139949,0.5306122448979592,0.9952153110047847
368,archive\images\3060.png,0.5348997926744989,0.3650943396226415,0.38469184890656066,0.8775510204081632
369,archive\images\1638.png,0.9557702084392475,0.9152872444011685,0.975103734439834,0.9371884346959123
370,archive\images\1748.png,0.9111747851002865,0.8368421052631579,1.0,0.8368421052631579
371,archive\images\947.png,0.9005347593582887,0.8190661478599222,0.8190661478599222,1.0
372,archive\images\1374.png,0.8503184713375797,0.739612188365651,0.996268656716418,0.7416666666666667
373,archive\images\1671.png,0.0,0.0,0.0,0.0
374,archive\images\2296.png,0.6574266574266574,0.48967653131452166,0.883302296710118,0.5235467255334805
375,archive\images\174.png,0.942741935483871,0.8916857360793288,0.909727626459144,0.9782426778242678
376,archive\images\1868.png,0.0,0.0,0.0,0.0
377,archive\images\2867.png,0.8398190045248869,0.7238689547581904,0.9139855548260013,0.7767857142857143
378,archive\images\1602.png,0.9549114331723028,0.9137134052388289,0.9488,0.9611021069692058
379,archive\images\1093.png,0.757396449704142,0.6095238095238096,0.6130268199233716,0.9907120743034056
380,archive\images\660.png,0.9707865168539326,0.9432314410480349,0.9607763849575415,0.9810074318744839
381,archive\images\870.png,0.9756572541382668,0.9524714828897338,0.9653179190751445,0.9862204724409449
382,archive\images\93.png,0.6584905660377358,0.4908579465541491,0.5377503852080123,0.8491484184914841
383,archive\images\1141.png,0.9608826479438315,0.9247104247104247,0.9599198396793587,0.9618473895582329
384,archive\images\1710.png,0.9522309711286089,0.908817635270541,0.9236252545824847,0.9826652221018418
385,archive\images\1098.png,0.616600790513834,0.44571428571428573,0.9701492537313433,0.4519119351100811
386,archive\images\2771.png,0.8074792243767313,0.6771196283391405,0.7003003003003003,0.9533932951757972
387,archive\images\1170.png,0.9825367647058824,0.9656729900632339,0.9771480804387569,0.987985212569316
388,archive\images\2159.png,0.0,0.0,0.0,0.0
389,archive\images\1793.png,0.7806451612903226,0.6402116402116402,0.6612021857923497,0.952755905511811
390,archive\images\1500.png,0.9634408602150538,0.9294605809128631,0.9813800657174151,0.9461457233368532
391,archive\images\1907.png,0.8989298454221165,0.816414686825054,0.8393782383419689,0.9675767918088737
392,archive\images\2654.png,0.8236543909348442,0.7001806140878989,0.7001806140878989,1.0
393,archive\images\2831.png,0.04230769230769231,0.021611001964636542,0.028181041844577284,0.08483290488431877
394,archive\images\2173.png,0.29931972789115646,0.176,0.176,1.0
395,archive\images\894.png,0.717607973421927,0.5595854922279793,0.5775401069518716,0.9473684210526315
396,archive\images\1800.png,0.8504273504273504,0.7397769516728625,0.7397769516728625,1.0
397,archive\images\1129.png,0.9554585152838428,0.9147157190635451,0.9366438356164384,0.9750445632798574
398,archive\images\621.png,0.8439857086145296,0.7300824175824175,0.7702898550724637,0.9332748024582967
399,archive\images\1174.png,0.9667447306791569,0.9356300997280145,0.945054945054945,0.9894534995206136
400,archive\images\3042.png,0.009064249533457745,0.0045527584359935725,0.012014134275618375,0.007277397260273972
401,archive\images\879.png,0.8668407310704961,0.7649769585253456,1.0,0.7649769585253456
402,archive\images\3056.png,0.8420188756668034,0.7271438695960312,0.9932236205227493,0.7307692307692307
403,archive\images\2827.png,0.9325153374233128,0.8735632183908046,0.945273631840796,0.9200968523002422
404,archive\images\91.png,0.7963525835866262,0.6616161616161617,0.7005347593582888,0.9225352112676056
405,archive\images\145.png,0.952779229830981,0.9098169717138103,0.986647419704078,0.9211590296495957
406,archive\images\1765.png,0.5536332179930796,0.3827751196172249,1.0,0.3827751196172249
407,archive\images\2249.png,0.0,0.0,0.0,0.0
408,archive\images\2548.png,0.929285449833395,0.867911479944675,0.913391557496361,0.945742275810098
409,archive\images\2964.png,0.6127254509018036,0.441675695196822,0.4953422438234103,0.8030203545633617
410,archive\images\2486.png,0.9205776173285198,0.8528428093645485,0.8800690250215704,0.9649952696310312
411,archive\images\964.png,0.9256198347107438,0.8615384615384616,0.8653421633554084,0.9949238578680203
412,archive\images\1316.png,0.8575949367088608,0.7506925207756233,0.811377245508982,0.9093959731543624
413,archive\images\954.png,0.918918918918919,0.85,0.9,0.9386503067484663
414,archive\images\134.png,0.9752556911910261,0.9517063747585319,0.9717291255752795,0.9788079470198675
415,archive\images\351.png,0.9821109123434705,0.9648506151142355,0.9821109123434705,0.9821109123434705
416,archive\images\1873.png,0.975158867706528,0.95152198421646,0.965675057208238,0.9848308051341891
417,archive\images\1646.png,0.8878143133462283,0.7982608695652174,0.8066783831282952,0.9870967741935484
418,archive\images\629.png,0.9103175909165707,0.8353971609785563,0.8497695852534562,0.9801559177888023
419,archive\images\2428.png,0.8659898477157361,0.7636526410026858,0.7636526410026858,1.0
420,archive\images\2473.png,0.8949563898369359,0.8098833218943033,0.9816971713810316,0.8222996515679443
421,archive\images\1846.png,0.8680445151033387,0.7668539325842697,0.9915254237288136,0.7719132893496701
422,archive\images\1895.png,0.9242310577644411,0.8591352859135286,0.969315499606609,0.8831541218637993
423,archive\images\2220.png,0.7628765792031098,0.6166535742340927,0.6181102362204725,0.9961928934010152
424,archive\images\1282.png,0.6577718478985991,0.4900596421471173,0.5025484199796126,0.9517374517374517
425,archive\images\2368.png,0.6974512743628186,0.535451197053407,0.5709376534118802,0.8959938366718028
426,archive\images\535.png,0.9641560798548094,0.9307928164695576,0.9598012646793135,0.9685505925250684
427,archive\images\140.png,0.9575070821529745,0.9184782608695652,0.9481065918653576,0.9670958512160229
428,archive\images\590.png,0.8956377691882937,0.811,0.8175403225806451,0.9902319902319903
429,archive\images\1296.png,0.6856060606060606,0.521613832853026,0.5246376811594203,0.9890710382513661
430,archive\images\2920.png,0.9296582138919515,0.8685620107128141,0.9031705227077977,0.9577464788732394
431,archive\images\402.png,0.9828020134228188,0.9661855670103093,0.9906976744186047,0.9750312109862672
432,archive\images\472.png,0.9482758620689655,0.9016393442622951,0.9874326750448833,0.912106135986733
433,archive\images\2855.png,0.522887323943662,0.3539928486293206,0.5892857142857143,0.4699367088607595
434,archive\images\1515.png,0.7780979827089337,0.6367924528301887,0.7871720116618076,0.7692307692307693
435,archive\images\1247.png,0.9610007358351729,0.9249291784702549,0.9355300859598854,0.9878971255673222
436,archive\images\2450.png,0.813810110974106,0.6860706860706861,0.8078335373317014,0.8198757763975155
437,archive\images\1333.png,0.9318181818181818,0.8723404255319149,0.8785714285714286,0.9919354838709677
438,archive\images\1582.png,0.8908474576271187,0.8031784841075794,0.8192019950124688,0.9762258543833581
439,archive\images\1897.png,0.9274495138369484,0.8647140864714087,0.9597523219814241,0.8972503617945007
440,archive\images\967.png,0.887722980062959,0.7981132075471699,0.8426294820717132,0.9379157427937915
441,archive\images\971.png,0.8733850129198967,0.7752293577981652,0.7752293577981652,1.0
442,archive\images\2007.png,0.9123463388562266,0.8388206388206388,0.8471464019851117,0.9884192240880139
443,archive\images\1684.png,0.8820678513731826,0.7890173410404624,0.8452012383900929,0.9222972972972973
444,archive\images\189.png,0.979757085020243,0.9603174603174603,0.9789644012944984,0.9805510534846029
445,archive\images\36.png,0.9331963001027749,0.8747591522157996,0.8764478764478765,0.9978021978021978
446,archive\images\55.png,0.0,0.0,0.0,0.0
447,archive\images\2898.png,0.9420989143546441,0.8905359179019384,0.9275534441805225,0.9571078431372549
448,archive\images\157.png,0.9750656167979003,0.9513444302176697,0.9854111405835544,0.964935064935065
449,archive\images\3004.png,0.0,0.0,0.0,0.0
450,archive\images\1275.png,0.9260204081632653,0.8622327790973872,0.9097744360902256,0.9428571428571428
451,archive\images\2343.png,0.9222011385199241,0.8556338028169014,0.856926952141058,0.9982394366197183
452,archive\images\434.png,0.9153005464480874,0.8438287153652393,0.9985096870342772,0.8448928121059268
453,archive\images\149.png,0.9543295579101205,0.9126484975541579,0.9717261904761905,0.9375448671931084
454,archive\images\87.png,0.8353326063249727,0.7172284644194756,0.9387254901960784,0.7524557956777996
455,archive\images\2553.png,0.8804780876494024,0.7864768683274022,0.7892857142857143,0.9954954954954955
456,archive\images\1641.png,0.8962962962962963,0.8120805369127517,0.9325626204238922,0.8627450980392157
457,archive\images\1943.png,0.8557320738514383,0.7478424015009381,0.8388047138047138,0.8733567046450482
458,archive\images\2618.png,0.8335287221570926,0.714572864321608,0.7551779075942645,0.9300196206671026
459,archive\images\981.png,0.7687348912167606,0.6243455497382199,0.6284584980237155,0.9896265560165975
460,archive\images\1729.png,0.8927556818181818,0.8062860808210391,0.8524923702950152,0.9370108087961238
461,archive\images\2911.png,0.881638846737481,0.7883310719131614,0.8658718330849479,0.8979907264296755
462,archive\images\2250.png,0.32451751250893496,0.19368600682593856,0.19368600682593856,1.0
463,archive\images\1271.png,0.0,0.0,0.0,0.0
464,archive\images\1630.png,0.9329639889196676,0.8743509865005192,0.958997722095672,0.9083063646170443
465,archive\images\1927.png,0.0,0.0,0.0,0.0
466,archive\images\1103.png,0.20689655172413793,0.11538461538461539,0.11538461538461539,1.0
467,archive\images\213.png,0.9536784741144414,0.9114583333333334,0.9628610729023384,0.9446693657219973
468,archive\images\1656.png,0.9175257731958762,0.8476190476190476,0.9368421052631579,0.898989898989899
469,archive\images\2588.png,0.6748681898066784,0.5092838196286472,0.9365853658536586,0.5274725274725275
470,archive\images\2274.png,0.8862536302032914,0.7957409821816601,0.8536130536130536,0.9214896829391042
471,archive\images\849.png,0.9387755102040817,0.8846153846153846,0.9117811278615299,0.9674170616113744
472,archive\images\2986.png,0.7195961450206517,0.5620071684587814,0.6555183946488294,0.797558494404883
473,archive\images\1588.png,0.5204117855875044,0.3517274472168906,0.35223450264296013,0.9959239130434783
474,archive\images\2688.png,0.1389937106918239,0.07468739438999662,0.26435406698564595,0.09428327645051195
475,archive\images\1234.png,0.7830045523520486,0.6433915211970075,0.9923076923076923,0.6466165413533834
476,archive\images\745.png,0.8793524740378742,0.7846824747887707,0.7964038727524204,0.9815888169110126
477,archive\images\387.png,0.9781176970469514,0.9571725571725572,0.9922413793103448,0.964390448261416
478,archive\images\103.png,0.9500324464633355,0.9048207663782447,0.9812332439678284,0.9207547169811321
479,archive\images\1742.png,0.8852459016393442,0.7941176470588235,0.8925619834710744,0.8780487804878049
480,archive\images\636.png,0.9872053872053872,0.9747340425531915,0.9905405405405405,0.9838926174496644
481,archive\images\2763.png,0.8495668154371226,0.7384755819260611,0.7530251318647223,0.9745031118249348
482,archive\images\1446.png,0.9520225776105362,0.9084380610412927,0.9980276134122288,0.9100719424460432
483,archive\images\2342.png,0.9256580850448366,0.8616047388260636,0.8913649025069638,0.9626955475330926
484,archive\images\2494.png,0.9217758985200846,0.8549019607843137,0.9159663865546218,0.9276595744680851
485,archive\images\2390.png,0.7985151577644876,0.6646069344318571,0.6781085814360771,0.970912738214644
486,archive\images\2709.png,0.0,0.0,0.0,0.0
487,archive\images\2604.png,0.8595959595959596,0.7537643932683791,0.851,0.8683673469387755
488,archive\images\412.png,0.9792935444579781,0.9594272076372315,0.9617224880382775,0.9975186104218362
489,archive\images\1097.png,0.807185628742515,0.6767068273092369,0.9796511627906976,0.6863543788187373
490,archive\images\1311.png,0.9118667591950035,0.8380102040816326,0.8433889602053916,0.9924471299093656
491,archive\images\2081.png,0.6852791878172588,0.5212355212355212,0.5465587044534413,0.9183673469387755
492,archive\images\132.png,0.9711286089238845,0.9438775510204082,0.9643788010425717,0.9779735682819384
493,archive\images\186.png,0.25,0.14285714285714285,0.14393939393939395,0.95
494,archive\images\1330.png,0.8535433070866142,0.7445054945054945,0.9748201438848921,0.7591036414565826
495,archive\images\1523.png,0.9007751937984496,0.8194640338504936,0.9340836012861736,0.8697604790419161
496,archive\images\2401.png,0.7036328871892925,0.5427728613569321,0.5463182897862233,0.9881847475832438
497,archive\images\657.png,0.9437603993344426,0.8935097668557026,0.9225764476252439,0.9659400544959128
498,archive\images\29.png,0.9615819209039548,0.926006528835691,0.9476614699331849,0.9759174311926605
499,archive\images\2579.png,0.6887254901960784,0.525233644859813,0.5770020533880903,0.8541033434650456
500,archive\images\2521.png,0.5245614035087719,0.3555291319857313,0.4550989345509893,0.6190476190476191
501,archive\images\640.png,0.93048128342246,0.87,0.8817567567567568,0.9849056603773585
502,archive\images\2058.png,0.0,0.0,0.0,0.0
503,archive\images\1981.png,0.9227871939736346,0.8566433566433567,0.9176029962546817,0.928030303030303
504,archive\images\2091.png,0.5367924528301887,0.3668600902643456,0.43685220729366603,0.6960244648318042
505,archive\images\1204.png,0.9322381930184805,0.8730769230769231,0.9227642276422764,0.941908713692946
506,archive\images\2451.png,0.42659644502962474,0.2711297071129707,0.4085750315258512,0.4462809917355372
507,archive\images\523.png,0.933829848181037,0.8758731864588931,0.8768154922001076,0.9987745098039216
508,archive\images\1393.png,0.9333333333333333,0.875,0.958904109589041,0.9090909090909091
509,archive\images\301.png,0.979388526279629,0.9596095590710199,0.9693981638898334,0.9895869489760499
510,archive\images\1477.png,0.865979381443299,0.7636363636363637,0.9859154929577465,0.7720588235294118
511,archive\images\2590.png,0.8308977035490606,0.7107142857142857,0.7107142857142857,1.0
512,archive\images\1461.png,0.8082083662194159,0.6781456953642384,0.827140549273021,0.7901234567901234
513,archive\images\1145.png,0.9291044776119403,0.867595818815331,0.8940754039497307,0.9669902912621359
514,archive\images\1312.png,0.950366151342555,0.9054263565891473,0.9636963696369637,0.9373996789727127
515,archive\images\763.png,0.9333333333333333,0.875,0.9310344827586207,0.9356435643564357
516,archive\images\2160.png,0.8800988875154512,0.7858719646799117,0.8790123456790123,0.8811881188118812
517,archive\images\2468.png,0.5494736842105263,0.3788098693759071,0.3793604651162791,0.9961832061068703
518,archive\images\2312.png,0.9296362552176506,0.8685236768802228,0.8748597081930415,0.9917302798982188
519,archive\images\1707.png,0.9396636993076162,0.8861940298507462,0.9405940594059405,0.9387351778656127
520,archive\images\248.png,0.9445865302642796,0.8949919224555735,0.9172185430463576,0.9736379613356766
521,archive\images\441.png,0.9491985873403966,0.9033092037228542,0.9836711711711712,0.9170603674540683
522,archive\images\2853.png,0.8903002309468823,0.8022892819979188,0.8398692810457516,0.9471744471744472
523,archive\images\793.png,0.7627717391304348,0.6165165824730947,0.6293721973094171,0.9679310344827586
524,archive\images\716.png,0.7529652351738241,0.6038045260741227,0.662945624774937,0.8712730714623758
525,archive\images\896.png,0.2517289073305671,0.1439873417721519,0.1439873417721519,1.0
526,archive\images\1251.png,0.9695024077046549,0.940809968847352,0.94375,0.9966996699669967
527,archive\images\1071.png,0.937799043062201,0.8828828828828829,0.8909090909090909,0.98989898989899
528,archive\images\1714.png,0.0,0.0,0.0,0.0
529,archive\images\2818.png,0.9158653846153846,0.844789356984479,0.9973821989528796,0.8466666666666667
530,archive\images\2230.png,0.0,0.0,0.0,0.0
531,archive\images\1665.png,0.0,0.0,0.0,0.0
532,archive\images\2822.png,0.8923444976076556,0.8056155507559395,0.9588688946015425,0.8344519015659956
533,archive\images\2854.png,0.22756827048114434,0.12839325018341893,0.5335365853658537,0.1446280991735537
534,archive\images\2015.png,0.853236098450319,0.7440381558028617,0.9838822704975473,0.7532188841201717
535,archive\images\2685.png,0.8640552995391705,0.7606490872210954,0.7606490872210954,1.0
536,archive\images\1309.png,0.930576070901034,0.8701657458563536,0.9936908517350158,0.875
537,archive\images\589.png,0.18855218855218855,0.10408921933085502,0.10408921933085502,1.0
538,archive\images\922.png,0.9751875360646278,0.9515765765765766,0.9802784222737819,0.9701492537313433
539,archive\images\2279.png,0.19631901840490798,0.10884353741496598,0.1100196463654224,0.9105691056910569
540,archive\images\2415.png,0.0,0.0,0.0,0.0
541,archive\images\1789.png,0.03076923076923077,0.015625,0.015625,1.0
542,archive\images\1276.png,0.9784824462061155,0.9578713968957872,0.9784824462061155,0.9784824462061155
543,archive\images\1991.png,0.781969622733954,0.6419951729686243,0.9827586206896551,0.6493083807973963
544,archive\images\215.png,0.9280915650659368,0.8658310120705663,0.8936272160996646,0.9653209109730849
545,archive\images\663.png,0.9758749575263337,0.9528865295288653,0.9650537634408602,0.9869415807560138
546,archive\images\2611.png,0.0,0.0,0.0,0.0
547,archive\images\1149.png,0.9547872340425532,0.9134860050890585,0.9276485788113695,0.9835616438356164
548,archive\images\2660.png,0.8998678996036988,0.8179634966378482,0.8996302165874274,0.9001057082452432
549,archive\images\251.png,0.9456521739130435,0.8969072164948454,0.9560439560439561,0.9354838709677419
550,archive\images\1231.png,0.8341463414634146,0.7154811715481172,0.7434782608695653,0.95
551,archive\images\2675.png,0.46380223660977044,0.30191570881226054,0.3030769230769231,0.9874686716791979
552,archive\images\1879.png,0.7659235668789809,0.6206451612903225,0.6607142857142857,0.9109848484848485
553,archive\images\1345.png,0.9038208168642952,0.8245192307692307,0.8245192307692307,1.0
554,archive\images\2164.png,0.9333895446880269,0.8750988142292491,0.8844207723035952,0.9880987801249628
555,archive\images\2302.png,0.5788643533123028,0.40732519422863483,0.8951219512195122,0.42773892773892774
556,archive\images\2630.png,0.5674362089914945,0.39609838846480067,0.39643463497453313,0.9978632478632479
557,archive\images\1067.png,0.8177966101694916,0.6917562724014337,0.8126315789473684,0.8230277185501066
558,archive\images\1002.png,0.9455587392550143,0.8967391304347826,0.9217877094972067,0.9705882352941176
559,archive\images\308.png,0.9666666666666667,0.9354838709677419,0.9529950083194676,0.980736301369863
560,archive\images\324.png,0.8052754072924748,0.674025974025974,0.9719101123595506,0.6874172185430464
561,archive\images\1235.png,0.9352750809061489,0.878419452887538,0.9537953795379538,0.9174603174603174
562,archive\images\153.png,0.9480275516593613,0.9011904761904762,0.9793014230271668,0.9186893203883495
563,archive\images\1810.png,0.8,0.6666666666666666,0.9906976744186047,0.6708661417322834
564,archive\images\1401.png,0.943778801843318,0.893542757417103,0.9429097605893186,0.9446494464944649
565,archive\images\1861.png,0.9056603773584906,0.8275862068965517,0.9018181818181819,0.9095354523227384
566,archive\images\2197.png,0.6286509040333796,0.45841784989858014,0.9797687861271677,0.46279863481228667
567,archive\images\709.png,0.7874794069192751,0.6494565217391305,0.7029411764705882,0.8951310861423221
568,archive\images\2080.png,0.0,0.0,0.0,0.0
569,archive\images\1768.png,0.9414492753623188,0.8893756845564075,0.9409038238702202,0.9419953596287703
570,archive\images\353.png,0.7896551724137931,0.6524216524216524,0.6524216524216524,1.0
571,archive\images\181.png,0.9842192691029901,0.9689288634505315,0.983402489626556,0.9850374064837906
572,archive\images\1801.png,0.8275862068965517,0.7058823529411765,0.7058823529411765,1.0
573,archive\images\865.png,0.1343784994400896,0.07202881152460984,0.07202881152460984,1.0
574,archive\images\2378.png,0.8760859625057156,0.7794955248169243,0.9024964672633067,0.8511772545535318
575,archive\images\605.png,0.9656716417910448,0.9336219336219336,0.9714714714714715,0.9599406528189911
576,archive\images\2148.png,0.9021372328458943,0.8217213114754098,0.9457547169811321,0.8623655913978494
577,archive\images\940.png,0.8955752212389381,0.8108974358974359,0.9250457038391224,0.8679245283018868
578,archive\images\545.png,0.9699042407660738,0.9415670650730412,0.9813148788927336,0.9587559161595672
579,archive\images\217.png,0.7691187181354697,0.6248520710059171,0.6624843161856964,0.9166666666666666
580,archive\images\980.png,0.0,0.0,0.0,0.0
581,archive\images\888.png,0.7469879518072289,0.5961538461538461,0.5961538461538461,1.0
582,archive\images\407.png,0.9610091743119266,0.9249448123620309,0.9363128491620112,0.9870435806831567
583,archive\images\1566.png,0.9086294416243654,0.8325581395348837,0.9572192513368984,0.8647342995169082
584,archive\images\2830.png,0.6587837837837838,0.491183879093199,0.9948979591836735,0.49242424242424243
585,archive\images\1841.png,0.0,0.0,0.0,0.0
586,archive\images\2790.png,0.5877680698967435,0.4161979752530934,0.42577675489067895,0.9487179487179487
587,archive\images\2847.png,0.8172253486665035,0.6909391808026479,0.8044315992292871,0.8304326205867727
588,archive\images\1084.png,0.9171122994652406,0.8469135802469135,0.9884726224783862,0.8553615960099751
589,archive\images\1723.png,0.9387755102040817,0.8846153846153846,0.9806201550387597,0.900355871886121
590,archive\images\2454.png,0.7207293666026872,0.5633908477119279,0.5636022514071295,0.9993346640053227
591,archive\images\1611.png,0.9031476997578692,0.8233995584988962,0.9395465994962217,0.8694638694638694
592,archive\images\1363.png,0.9519788918205805,0.9083585095669687,0.9555084745762712,0.9484752891692955
593,archive\images\2717.png,0.8802308802308803,0.7860824742268041,0.9754797441364605,0.8019281332164768
594,archive\images\33.png,0.8560235063663075,0.7482876712328768,0.7817531305903399,0.9458874458874459
595,archive\images\2496.png,0.0,0.0,0.0,0.0
596,archive\images\2169.png,0.4525862068965517,0.2924791086350975,0.29411764705882354,0.9813084112149533
597,archive\images\2222.png,0.575354609929078,0.40385812072184196,0.40894770006301195,0.9701046337817638
598,archive\images\1146.png,0.9661482159194876,0.9345132743362832,0.9530685920577617,0.9795918367346939
599,archive\images\1893.png,0.4876748834110593,0.3224669603524229,0.5184135977337111,0.46037735849056605
600,archive\images\2499.png,0.0,0.0,0.0,0.0
601,archive\images\1236.png,0.8597785977859779,0.7540453074433657,0.8381294964028777,0.8825757575757576
602,archive\images\1250.png,0.9429951690821256,0.8921389396709324,0.9155722326454033,0.9721115537848606
603,archive\images\2923.png,0.9095182138660399,0.834051724137931,0.9872448979591837,0.8431372549019608
604,archive\images\1591.png,0.5566343042071198,0.38565022421524664,0.40186915887850466,0.9052631578947369
605,archive\images\1894.png,0.0,0.0,0.0,0.0
606,archive\images\107.png,0.9550058892815076,0.9138863841298467,0.9754571703561117,0.9353945546838948
607,archive\images\1675.png,0.788785046728972,0.6512345679012346,0.8577235772357723,0.7301038062283737
608,archive\images\429.png,0.9746606334841629,0.9505736981465137,0.9598930481283422,0.9898897058823529
609,archive\images\344.png,0.9568345323741008,0.9172413793103448,0.9395604395604396,0.9747557003257329
610,archive\images\2667.png,0.8793359027571894,0.7846560846560846,0.7994609164420485,0.9769433465085638
611,archive\images\367.png,0.9724264705882353,0.9463327370304114,0.9724264705882353,0.9724264705882353
